url_path,views_total,views_unique
/kdbhalala/agi-memory,45,26
/kdbhalala/agi-memory/actions,1,1
/kdbhalala/agi-memory/activity,1,1
/kdbhalala/agi-memory/blob/d9949c62d1fcdc7121d3eea0efa6457b08f7715a/.github/workflows/release.yml,1,1
/kdbhalala/agi-memory/blob/main/LICENSE,1,1
/kdbhalala/agi-memory/blob/main/docs/pillars.md,1,1
/kdbhalala/agi-memory/blob/main/docs/sync.md,1,1
/kdbhalala/agi-memory/blob/main/docs/testing.md,1,1
/kdbhalala/agi-memory/blob/main/install.sh,1,1
/kdbhalala/agi-memory/blob/main/pyproject.toml,1,1
